{
    "Dummy": {
        "accuracy": 0.7375,
        "f1": 0.0,
        "roc_auc": 0.5
    },
    "LogReg": {
        "accuracy": 0.8119444444444445,
        "f1": 0.5606748864373783,
        "roc_auc": 0.7976914875596609
    },
    "DecisionTree": {
        "accuracy": 0.8336111111111111,
        "f1": 0.6515415939499709,
        "roc_auc": 0.8373517073705398
    },
    "RandomForest": {
        "accuracy": 0.8638888888888889,
        "f1": 0.6742021276595744,
        "roc_auc": 0.9115479428850427
    },
    "GradientBoosting": {
        "accuracy": 0.8683333333333333,
        "f1": 0.7026348808030113,
        "roc_auc": 0.902961966540121
    }
}