{
    "ds1": {
        "KMeans": {
            "silhouette": 0.5216395622404242,
            "davies_bouldin": 0.6853295219054457,
            "calinski_harabasz": 11786.954622671532,
            "noise_ratio": 0.0,
            "n_clusters": 2
        },
        "DBSCAN": {
            "silhouette": 0.5389159848632941,
            "davies_bouldin": 0.6512090495843216,
            "calinski_harabasz": 6595.938171247349,
            "noise_ratio": 0.6984166666666667,
            "n_clusters": 3
        }
    },
    "ds2": {
        "KMeans": {
            "silhouette": 0.3068610017701601,
            "davies_bouldin": 1.3234721699867644,
            "calinski_harabasz": 3573.3933329348392,
            "noise_ratio": 0.0,
            "n_clusters": 2
        },
        "DBSCAN": {
            "silhouette": 0.2132584936297256,
            "davies_bouldin": 1.024792810239175,
            "calinski_harabasz": 1916.0151130960887,
            "noise_ratio": 0.48975,
            "n_clusters": 3
        }
    },
    "ds3": {
        "KMeans": {
            "silhouette": 0.3155447003782518,
            "davies_bouldin": 1.1577256320598661,
            "calinski_harabasz": 6957.162639510167,
            "noise_ratio": 0.0,
            "n_clusters": 3
        },
        "DBSCAN": {
            "silhouette": 0.4727502450283589,
            "davies_bouldin": 0.7322384542136493,
            "calinski_harabasz": 4978.634910403142,
            "noise_ratio": 0.6829333333333333,
            "n_clusters": 4
        }
    }
}